id,peps,label
1,YPFPG,1.0
2,YAFFN,1.0
3,PYRHP,1.0
4,YPWKF,1.0
5,CCAQK,1.0
6,YGGFLR,1.0
7,RKPWLL,1.0
8,VQILYK,1.0
9,DGGLAG,1.0
10,YAFQAVG,1.0
11,YGGFLRC,1.0
12,YCGFCSG,1.0
13,NTGSPYE,1.0
14,CDTPPVC,1.0
15,SYPGWSW,1.0
16,RCAVPYIL,1.0
17,ASTTTNYT,1.0
18,CYFQNCPR,1.0
19,VVYPWTQRF,1.0
20,CYIQNCPLG,1.0
21,MELANTANII,1.0
22,VQQLTKRFSL,1.0
23,FYPENGFPEN,1.0
24,YPENGFPENFA,1.0
25,RLTRKRGLKLA,1.0
26,RLSSVDSDLSGC,1.0
27,SRYSIGGNNGVT,1.0
28,YNQSLLQGYRYW,1.0
29,YAGCLFNHFGAY,1.0
30,CDIFTNSRGKRA,1.0
31,HLNILSTLWKYR,1.0
32,MRWFFSHASQGR,1.0
33,YGGFLRRIRPKLK,1.0
34,MPEGYPENGFPEN,1.0
35,DVQPPGLKVWSDPF,1.0
36,RQIKIWFQNRRMKWKK,1.0
37,CGFLGGRRRGFGGIGGC,1.0
38,VRLPPPVLPPPVRLPPP,1.0
39,LLIILRRRIRKQAHAHSK,1.0
40,RGGRLSYSRRRFSTSTGR,1.0
41,TFFYGGSRGRRNNFRTEEY,1.0
42,DFDMLRCMLGRVFRPCWQY,1.0
43,DPQILMGVLRSIRGFGVKL,1.0
44,GANNNRPVYIPRPRPPHPRL,1.0
45,YGRKKRRQRRRCSEPTLDVKI,1.0
46,YGRKKRRQRRRSFNSYELGSL,1.0
47,FNAPFDVGIKLSGVQYQQHSQAL,1.0
48,YGRKKRRQRRRCCPGECVRTRRR,1.0
49,CKGKGAKCSRLYDCCTGSCRSGKC,1.0
50,YGRKKRRQRRRVIKPLTKSYQGSGK,1.0
51,YGRKKRRQRRRARSRLAELRGVPRGL,1.0
52,SGSWLRDVWDWICTVLTDFKTWLQSKL,1.0
53,RPGPPGLQGRLQRLLQANGNHAAGILTM,1.0
54,DQSRPVQPFLNLTTPRKPRPPRRQRRKKRG,1.0
55,YGGFM,1.0
56,VPDPR,1.0
57,SVHGV,1.0
58,YPWGF,1.0
59,CKFFD,1.0
60,YAGFNA,1.0
61,MEHFRW,1.0
62,VQITYK,1.0
63,DVAKVS,1.0
64,YAFQVVG,1.0
65,YPENGFC,1.0
66,YTGFLSN,1.0
67,AGILKRW,1.0
68,MEHFPGP,1.0
69,YACHCFF,1.0
70,NFDVLTEQ,1.0
71,FCYWKVCT,1.0
72,CAVRPYIL,1.0
73,RRYAFEVVG,1.0
74,CYFQNCPRG,1.0
75,YWAGGDASGE,1.0
76,YSMVFVGIKL,1.0
77,FCYWKVCWNH,1.0
78,YGRRARRRRRR,1.0
79,GFVRFRLSNTR,1.0
80,RPRTRLHTHRNR,1.0
81,THRPPMWSPVWP,1.0
82,YPENGPFFPENF,1.0
83,RKRIRLVTKKKR,1.0
84,DMTDCITFNMKN,1.0
85,DAAESVLVGTVR,1.0
86,PYRHWSYGLRPG,1.0
87,TNHRPPMWSPVWP,1.0
88,ELYENLPRRPYIL,1.0
89,KLFMALVAFLRFLT,1.0
90,PACAPYGRKKRRQRRR,1.0
91,VRLPPPVRLPPPVRPPP,1.0
92,LRKLRKRLLLRKLRKRLL,1.0
93,GLWEDLLYNINRYAHYIT,1.0
94,VDKPPYLPRPRPPRRIYNR,1.0
95,TFFYGGSRGKRNNFKTEEY,1.0
96,CTFFYGGSRGKRNNFKTEE,1.0
97,YGRKKRRQRRRKLSSIESDV,1.0
98,NSRQIKIWFQNRRMKWKKGSS,1.0
99,YGRKKRRQRRRGEPHRFRREW,1.0
100,YGRKKRRQRRRTALDWSLWQTE,1.0
101,YKVNEYQGPVAPSGGFFLFRPRN,1.0
102,RRRRRRRRRARSRLAELRGVPRGL,1.0
103,PTLHTHNRRRRRRPRTRLHTHRNR,1.0
104,CKGKGACRKTMYDCCSGSCGRRGKC,1.0
105,GRKKRRQRRRGGLQGRRRQGYQSIKP,1.0
106,HSDAVFTDNYTRLRKQMAVKKYLNSILN,1.0
107,IKPEAPGEDASPEEASLRHYLNLVTRQRY,1.0
108,DQSRPVQPFLNLTTPRKPRPPRRRQRRKKR,1.0
109,YGGFL,1.0
110,SKDYN,1.0
111,EHFKF,1.0
112,YRKAG,1.0
113,CGKRK,1.0
114,YAGFLL,1.0
115,YAGFLR,1.0
116,VQIVYK,1.0
117,CWDPVL,1.0
118,YAFSAVG,1.0
119,YPWTQRF,1.0
120,YAFDVVG,1.0
121,YAFEVVG,1.0
122,LVVYPWT,1.0
123,NAPVSIPQ,1.0
124,FCFWKTCT,1.0
125,HRPYIAHC,1.0
126,PPYAFEVVG,1.0
127,APYAFEVVG,1.0
128,YCYCLAGFNA,1.0
129,RRLSYSRRRF,1.0
130,FCYWKVCTNH,1.0
131,YGRKKRRQRRR,1.0
132,FCYWRTPENTN,1.0
133,RRPAPLIMFRMI,1.0
134,VAARTGEIYVPW,1.0
135,YPENGPIFPENF,1.0
136,ISNRSHKGLMVG,1.0
137,DSSHAFTLDELR,1.0
138,KISHLLNYRTWL,1.0
139,PWVPSWMPPRHT,1.0
140,THRPPMWSPVWPN,1.0
141,ELYENKPRRPYIL,1.0
142,RLLRLLRRRRRRRR,1.0
143,VRPPPVRLPPPVRLPPP,1.0
144,YAGFLRSSRRLSYSRRRF,1.0
145,TFFYGGCRGKRNNFKTEEY,1.0
146,GKPRPYSPRPTSHPRPIRV,1.0
147,YGRKKRRQRRRLPGKETMA,1.0
148,GKPRHYPYSPRPTSHPRPIR,1.0
149,CSCSSLMDKECVYFCHLDIIW,1.0
150,YGRKKRRQRRRGEPHKFKREW,1.0
151,HGLASTLTRWAHYNALIRAFGGG,1.0
152,YGRKKRRQRRRRVCACPGRDRRT,1.0
153,YGRKKRRQRRKEIVSRNKRRYQED,1.0
154,RKRIRLVTKKKRRKRIRLVTKKKR,1.0
155,CKGKGAKCSRLMYDCCTGSCRSGKC,1.0
156,GRKKRRQRRRCRRGGSLKAAPGAGTRR,1.0
157,DAEFRHDSGYQVHHQKLVFFAEDVGSNK,1.0
158,GRKKRRQRRRPPRPKRPTTLNLFPQVPRSQ,1.0
159,HADGTYTSDVSTYLQDQAKDFVSWLKSGRA,1.0
160,YAGFL,1.0
161,SHAVS,1.0
162,PGPLP,1.0
163,YPLGK,1.0
164,PFVYLI,1.0
165,VVYPWT,1.0
166,IGTLTT,1.0
167,KIPYIL,1.0
168,GANYPFF,1.0
169,YAFSVVG,1.0
170,YAFGYPK,1.0
171,YACPCFF,1.0
172,CYFQNCP,1.0
173,SGTQEEY,1.0
174,TPPVSHAV,1.0
175,LLVVYPWT,1.0
176,DYMGWMDF,1.0
177,YPENGFPEN,1.0
178,KLSSIESDV,1.0
179,NPNDKYEPF,1.0
180,YPENGFPENF,1.0
181,LRKLRKRLLR,1.0
182,SGRKSSKMQA,1.0
183,RRRRRRRRRRR,1.0
184,RSTASTSYPFFF,1.0
185,YAWGGGWVLQWF,1.0
186,FCYWRNTPENTN,1.0
187,PYRNCPHRCPRG,1.0
188,GLHTSATNLYLH,1.0
189,KKPYILKKPYIL,1.0
190,QSHYRHISPAQV,1.0
191,PWVPSWMPPRHTN,1.0
192,SYSMEHFRWGKPV,1.0
193,AGCKNFFWKTFTSC,1.0
194,YASPKSFRYPNGVLACT,1.0
195,VRPPPVRLPPPVRKPPP,1.0
196,VRLPPPVKLPPPVRLPPP,1.0
197,LQVYGDGDHNGLYADNVN,1.0
198,HGLASTLTRWAHYNALIRA,1.0
199,LYVLHSRGLWGFKLAAALE,1.0
200,RRRQRRKKRGYAGQWGESV,1.0
201,HGLASTLTRWAHYNALIRAF,1.0
202,AGYLLGKINLKPLAALAKKIL,1.0
203,KPASADGHRGYGRKKRRQRRR,1.0
204,TEELRVRLASHLRKLRKRLLRDA,1.0
205,YGRKKRRQRRGVPRGLYDGVCEV,1.0
206,YGRKKRRQRRRKKNRNKLRRQHSY,1.0
207,RPRTRLHTHRNRRPRTRLHTHRNR,1.0
208,YGRKKRRQRRRMKSNGSFPVNRRRMD,1.0
209,HSDGIFTDSYSRYRKQMAVKKYLAAVL,1.0
210,GSSFLSPEHQKAQQRKESKKPPAKLQPR,1.0
211,CLSGSSCSHYPTSYNCCRSCNHYPYSRKCR,1.0
212,CHPPR,1.0
213,YAGFA,1.0
214,QRFSR,1.0
215,LGSVS,1.0
216,VQIYK,1.0
217,YRFSAR,1.0
218,SHAVSS,1.0
219,VQIIYK,1.0
220,CYFQNC,1.0
221,YAFGYPS,1.0
222,YGLCGFL,1.0
223,RRNPYIL,1.0
224,GANYPFP,1.0
225,HAIYPRH,1.0
226,SLSHSPQ,1.0
227,RYAFEVVG,1.0
228,KYAFEVVG,1.0
229,DMTRFNMK,1.0
230,WAGGDASGE,1.0
231,KKYAFEVVG,1.0
232,YAGNMEFGH,1.0
233,YPENGFCRPA,1.0
234,GNLWATGHFM,1.0
235,DRVYIHPFHL,1.0
236,YPENGFPENRG,1.0
237,RPKPQQFFGLM,1.0
238,SLKPAANLPLRF,1.0
239,YAGFNHNHFGAY,1.0
240,YPENGPRFPENF,1.0
241,TGNYKALHPHNG,1.0
242,GRPQKINGARVC,1.0
243,KVAWRVFSLFWK,1.0
244,YPENGPCLFPENF,1.0
245,RKRIRLVTKKKRR,1.0
246,VSRRRRRRGGRRRR,1.0
247,PYRLYENKPRRPWIL,1.0
248,RRRRRRRCCKNYKKTEV,1.0
249,VRPPPVRLPPPKRLPPP,1.0
250,CNCKAPETALCARRCQQH,1.0
251,YGRKKRRQRRRPKDNEER,1.0
252,TFFYGGSRGKRNNFRTEEY,1.0
253,DFDMLRCMLGRVYRPCWQV,1.0
254,GRKKRRQRRRCSTRIRRQL,1.0
255,TWPKHFDKHTFYSILKLGKH,1.0
256,AGYLLGKINLKALAALAKKIL,1.0
257,GRKKRRQRRRRPKRPTTLNLF,1.0
258,KSKAINVLRGFRKEIGRMLNILN,1.0
259,FNAPFDVGIKLSGAQYQQHGRAL,1.0
260,YGRKKRRQRRRNRRRNSKLQHKKY,1.0
261,KIKKVKKKGRKGSKIKKVKKKGRK,1.0
262,YGRKKRRQRRRARSRLKELRGVPRGL,1.0
263,HSDGTFTSEYSRLRDSARLQRLLQGLV,1.0
264,GSSFLSPEHQRVQQRKESKKPPAKLQPR,1.0
265,YAGFLRNHSSCHRGGRLSYSRRRFSTSTGR,1.0
266,SRRHHCRSKAKRSAHH,0.0
267,QIISRDLISH,0.0
268,RLWMRWYSPWTRRWG,0.0
269,KIAAKSIAKIWKSILKIA,0.0
270,FVTRGCPRRLVARLIRVMVPRR,0.0
271,RQIKIWFQNRRMKWKKC,0.0
272,MAMPGEPRRANVMAHKLEPASLQLRNSCA,0.0
273,WIIFRALISHKK,0.0
274,RAWMRWYSPTTRRYG,0.0
275,HHHHHHHHRRRRRRRRRRRRRRR,0.0
276,KGRKKRRQRRRPPQ,0.0
277,GALFLGWLGAAGSTMGAPKSKRKVGGC,0.0
278,PPRLRKRRQLNM,0.0
279,CGGGGYGRKKRRQRRR,0.0
280,RQIKIWFQNRRMKAKK,0.0
281,YNNFAYSVFL,0.0
282,GTKMIFVGIKKKEERADLIAYLKKA,0.0
283,KLALKLALKAWKAALKLA,0.0
284,GRQLRRAGRRLRGRSR,0.0
285,CTWLKY,0.0
286,RLWMRWYSPTTRRAG,0.0
287,GLKKLAELAHKLLKLGC,0.0
288,LKTLTETLKELTKTLTEL,0.0
289,GWTLNSAGYLLGKINLKAPAALAKKIL,0.0
290,GWTLNPPGYLLGKINLKALAALAKKIL,0.0
291,RTLVNEYKNTLKFSK,0.0
292,KALKKLLAKWLAAAKALL,0.0
293,RILQQLLFIHF,0.0
294,GRKKRRQRRRPPQRKC,0.0
295,GWTLNSAGYLLGKLKALAALAKKIL,0.0
296,GRQLRIAGRRLRGRSR,0.0
297,ARCSGSGSGCGSGSGSCGR,0.0
298,RRMKWKK,0.0
299,SRWRWKSCKK,0.0
300,GKRKKKGKLGKKRPRSR,0.0
301,WIIFRIAAYHKK,0.0
302,SRRARRSPRESGKKRKRKR,0.0
303,EEEAAGRKRKKRT,0.0
304,LLYWFRRRHRHHRRRHRR,0.0
305,WLKLWKKWLKLW,0.0
306,RHVYHVLLSQ,0.0
307,LGTYTQDFNKFHTFPQTAIGVGAP,0.0
308,NRARRNRRRVR,0.0
309,RQIRIWFQNRRMRWRR,0.0
310,MIIYRDL,0.0
311,FLIFIRVICIVIAKLKANLMCKT,0.0
312,TKAARITPKDVIDVRSVTTEINT,0.0
313,CGRKKRRQRRLLRPPQ,0.0
314,RLWMRWYSPTTRRYA,0.0
315,AAVALLPAVLLALLAPVQRKRQKLMP,0.0
316,KKWKMRRNQFWIKIQR,0.0
317,GRGDSPRRSPRR,0.0
318,RQIKIWFQNRRMAWKK,0.0
319,FIRIGC,0.0
320,RQIKIWFQNRRMKWKKGG,0.0
321,MAPQRDTVGGRTTPPSWGPAKAQLRNSCA,0.0
322,VKRKKKPALWKTLLKKVLKA,0.0
323,MIIFRAAASHKK,0.0
324,SRRHHARSKAKRSRHH,0.0
325,GLPRRRRRRRRR,0.0
326,GWTLNSAGYLLGKINLKALAALAKKLL,0.0
327,RQIKIW,0.0
328,RQIKIWFQNRRMKWKA,0.0
329,NTCTWLKYH,0.0
330,HRLRHALAHLLHKLKHLLHALAHRLRH,0.0
331,KMDCRWRWKCCKK,0.0
332,RLLMRLYSPTTRRYG,0.0
333,ISFDELLDYYGESGS,0.0
334,RQIKIWFPNRRMKWKK,0.0
335,YARAAARQARAKALARQLGVAA,0.0
336,RRVTSWLGRQLRIAGKRLEGRSK,0.0
337,RRRRRRRW,0.0
338,RQIKIWFQNRRMKWAK,0.0
339,GGGRRRRRRYGRKKRRQRR,0.0
340,YYYAAGRKRKKRT,0.0
341,MIIFAIAASHKK,0.0
342,RLWMRWYSPATRRYG,0.0
343,KALAALLKKLAKLLAALK,0.0
344,HHHHHHHHHHHHRRRRRRRRRRRRRRR,0.0
345,KCCKWRWRCK,0.0
346,GRCTKSIPPICFPD,0.0
347,LLIILRRRIRKQAAAHSK,0.0
348,NNNAAGRKRKKRT,0.0
349,VKRGLKLRHVRPRVTRMDV,0.0
350,GKRVAKRKLIEQNRERRR,0.0
351,RLSGMNEVLSFRWL,0.0
352,GYGRKKRRQRRRG,0.0
353,RKKRRARRR,0.0
354,ASMWERVKSIIKSSLAAASNI,0.0
355,RRRERRAEK,0.0
356,VPTLK,0.0
357,RPARPAR,0.0
358,AGYLLGKLKALAALAKKIL,0.0
359,VRLPPPVRLPPP,0.0
360,KWFETWFTEWPKKRKGGC,0.0
361,ARRCSDRFRNCPADEALCGRR,0.0
362,GLKKLAELFHKLLKLGC,0.0
363,YRWRCKNQ,0.0
364,KKRRQRRR,0.0
365,KPRSKNPPKKPK,0.0
366,KFFKFFKFFK,0.0
367,VKRFKKFFRKLKKLV,0.0
368,CNGRC,0.0
369,RAIKIWFQNRRMKWKK,0.0
370,FQWQRNMRKVRGPPVS,0.0
371,ACRGRGRGCGSGSRSCG,0.0
372,KKPTIKTTKK,0.0
373,CGGMVTVLFRRLRIRRASGPPRVRV,0.0
374,AAAWFW,0.0
375,MAARLCCQLDPARDV,0.0
376,RHHRRHHRRHRRHHRRHHRHHR,0.0
377,KKPGKKTTTKPTKK,0.0
378,HHHHHHESGGGGSPGRRRRRRRRRRR,0.0
379,RKKRRQRRRRKKRRQRRR,0.0
380,PRPRPLPFPRPG,0.0
381,WIIFRIAATHKK,0.0
382,RRRRRRRGGIYLATALAKWALKQGF,0.0
383,VKLPPPVKLPPP,0.0
384,RFTFHFRFEFTFHFEGGGRRRRRRR,0.0
385,KHHWHHVRLPPPVRLPPPGNHHHHHH,0.0
386,VPMIK,0.0
387,KCGCRWRWKCGCKK,0.0
388,GWTLNSAGYLLGKFLPLILRKIVTAL,0.0
389,KMDRWRWKKK,0.0
390,LLRARWRRRRSRRFR,0.0
391,MIIYRDLISKK,0.0
392,VQAILRRNWNQYKIQ,0.0
393,RGDRGDRRDLRLDRGDLRC,0.0
394,GSGKKGGKKHCQKY,0.0
395,ACRGRGRGCGRGRGRCG,0.0
396,LLIALRRRIRKQAHAHSK,0.0
397,GKKKKRKREKL,0.0
398,ALWMRWYSPTTRRYG,0.0
399,KWCFRVCYRGICYRRCRGK,0.0
400,GRRRRRRRRR,0.0
401,YRWRCKNQN,0.0
402,KKICTRKPRFMSAWAQ,0.0
403,KKALLALALHHLAHLALHLALALKKA,0.0
404,RKKRRRESRKKRRRESC,0.0
405,ACSGRGSGCGSGRGSCG,0.0
406,RRRRRRR,0.0
407,KRARNTEAARRSRARKLQRMKQGC,0.0
408,KETWWETWWTEWSQPKKKRKVC,0.0
409,GKRARNTEAARRSRARKL,0.0
410,RKLTTIFPLNWKYRKALSLG,0.0
411,RQIKIFFQNRRMKFKK,0.0
412,SRRARRSPRHLGSG,0.0
413,TKRRITPKDVIDVRSVTTKINT,0.0
414,RRRRWWWW,0.0
415,LRRERQSRLRRERQSR,0.0
416,RQARRNRRRC,0.0
417,RRLLRRLRR,0.0
418,RRRRRRRRC,0.0
419,KLLAKAAKKWLLLALKAA,0.0
420,HHHRRRRRRRRRHHH,0.0
421,KIWFQNRRMKWKK,0.0
422,FHFHFRFR,0.0
423,QLPVM,0.0
424,GRRRRRRRRRPPQ,0.0
425,AQIKIWFQNRRMKWKK,0.0
426,YARAAARQARA,0.0
427,LLIILRRRIRRRARARSR,0.0
428,RRLRHLRHHYRRRWHRFR,0.0
429,RSVTTEINTLFQTLTSIAEKVDP,0.0
430,LKKLLKLLKKLLKLAG,0.0
431,YSSYSAPVSSSLSVRRSYSSSSGS,0.0
432,KIAKLKAKIQKLKQKIAKLK,0.0
433,LKTLATALTKLAKTLTTL,0.0
434,WEARLARALARALARHLARALARA,0.0
435,LLHILRRSIRRQAHAIRR,0.0
436,KMDCRWRWKCKK,0.0
437,IKIWFQNRRMKWKK,0.0
438,CRRRRRRRR,0.0
439,CRGDKGDPC,0.0
440,ARRRCSDRFRNCPADEALCGRRR,0.0
441,KLALKLALKALQAALQLA,0.0
442,RWRCKNQN,0.0
443,GRKKRRQRRRC,0.0
444,MANLGCWMLVLFVATWSDLGLCKKRPKP,0.0
445,RLVMRVYSPTTRRYG,0.0
446,IWRYSLASQQ,0.0
447,CELAGIGILTVKKKKKQKKK,0.0
448,WFQNRRMKWKK,0.0
449,RLWMRWASPTTRRYG,0.0
450,KLIKGRTPIKFGKADCDRPPKHSQNGK,0.0
451,ACRGRGRGCGSGSGSCG,0.0
452,CCTGRKKRRQRRR,0.0
453,CRFRWKCCKK,0.0
454,GRRRRKRLSHRT,0.0
455,CRWRWKSSKK,0.0
456,VSLKK,0.0
457,GKYVSLTTPKNPTKRRITPKDV,0.0
458,VSGKK,0.0
459,GKRRRRATAKYRSAH,0.0
460,QQHLLIAINGYPRYN,0.0
461,WIIFKIAASHKK,0.0
462,PPRLPRPRPRPLPFPRPG,0.0
463,KLPCRSNTFLNIFRRKKPG,0.0
464,MGLGLHLLVLAAALQGAWSQPKKKRKV,0.0
465,PLSSIFSRIGDP,0.0
466,GALFLAFLAAALSLMGLWSQPKKKRRV,0.0
467,LLLLR,0.0
468,KDCRWRWKCCKK,0.0
469,GRKGKHKRKKLP,0.0
470,RQIKIWFQN,0.0
471,CAYGGQQGGQGGG,0.0
472,HALAHKLKHLLHRLRHLLHRHLRHALAH,0.0
473,RRVWRRYRRQRWCRR,0.0
474,ACSSSPSKHCGGGGRRRRRRRRR,0.0
475,KLTRAQRRAAARKNKRNTRGC,0.0
476,GGAYVTRSSAVRLRSSVPGVRLLQ,0.0
477,ARRRCSGSGSGCGSGSGSCGRRR,0.0
478,VKLPPP,0.0
479,ACSSSPSKHCG,0.0
480,RQIKIWFQ,0.0
481,YGRKKRRQRRTALDASALQTE,0.0
482,RHHLRHLRRHL,0.0
483,RQIKIWFQNRRMKWK,0.0
484,KSTGKANKITITNDKGRLSK,0.0
485,LILIGRRRRRRRRGC,0.0
486,RRIRPRP,0.0
487,TVDNPASTTNKDKLFAVRK,0.0
488,WRRRRRRRR,0.0
489,LLIILRRRIRAQAHAHSK,0.0
490,LLHILRRSIRKQAHAIRK,0.0
491,RRGRRG,0.0
492,LNSAGYLLGKALAALAKKIL,0.0
493,CGRKKRWWRQRWWRWWRPPQ,0.0
494,ARRRRCSGSGSGCGSGSGSCGRRRR,0.0
495,GRCTKSIPPICWPK,0.0
496,HHHHHHTKRRITPKDVIDVRSVTTEINT,0.0
497,YIVLRRRRKRVNTKRS,0.0
498,QTRRRERRAEKQAQW,0.0
499,VRRFLVTLRIRRA,0.0
500,IYLATALAKWALKQGGRRRRRRR,0.0
501,RKKRAQRRR,0.0
502,VELPPPVELPPPVELPPP,0.0
503,RILQQLLFIHFRIGCRHSRI,0.0
504,VKRFKKFFRKLKKSV,0.0
505,FITKALGISYGRKKRR,0.0
506,KLGLKLGLKGLKGGLKLG,0.0
507,CHAIYPRH,0.0
508,LLAILRRRIRKQAHAHSK,0.0
509,MIIYRALISHKK,0.0
511,RQIKIWFQNR,0.0
512,YARVRRRGPRR,0.0
513,CSSLDEPGRGGFSSESKV,0.0
514,KLIKGRTPIKFGKADCDRPPKHSGK,0.0
515,ALWKTLLKKVLKAPKKKRKV,0.0
516,KNAWKHSSCHHRHQI,0.0
517,RQGAARVTSWLGRQLRIAGKRLEGRSK,0.0
518,KLAKLAKKLAKLAKGRKKRRQRRRP,0.0
519,VSRRRRRRGGRRRRK,0.0
520,ACGRGRGRCRGRGRGCG,0.0
521,TCTWLKYHS,0.0
522,LIRLWSHLIHIWFQNRRLKWKKKC,0.0
